seed,angle,baseline_accuracy_percent,augmented_accuracy_percent,gain_percentage_points
42,-10,97.78,98.2,0.4200000000000017
42,0,98.86,99.22,0.35999999999999943
42,10,97.67,98.25,0.5799999999999983
43,-10,97.09,98.35000000000001,1.2600000000000051
43,0,98.61999999999999,99.19,0.5700000000000074
43,10,97.72999999999999,98.29,0.5600000000000165
44,-10,96.86,97.89999999999999,1.039999999999992
44,0,98.61999999999999,98.96000000000001,0.3400000000000176
44,10,97.68,97.92999999999999,0.2499999999999858
