index,true,baseline_pred,baseline_confidence,augmented_pred,augmented_confidence,group
445,6,6,0.9906225800514221,0,0.8215160369873047,regressed
716,1,1,0.9848166108131409,7,0.6712008714675903,regressed
938,3,3,0.9530306458473206,5,0.8901191353797913,regressed
1527,1,1,0.9811748266220093,5,0.46586865186691284,regressed
1790,2,2,0.5333322882652283,7,0.44260475039482117,regressed
2018,1,1,0.6373318433761597,7,0.6834319233894348,regressed
2070,7,7,0.9623178243637085,9,0.4996865689754486,regressed
2182,1,1,0.8490108251571655,3,0.9463730454444885,regressed
2186,2,2,0.9340376257896423,0,0.6406878232955933,regressed
2266,1,1,0.9531037211418152,5,0.3257544934749603,regressed
2454,6,6,0.9035652875900269,5,0.5077569484710693,regressed
2462,2,2,0.9419297575950623,0,0.9093994498252869,regressed
2488,2,2,0.5439252257347107,7,0.54942387342453,regressed
3030,6,6,0.7686628699302673,8,0.5821084976196289,regressed
3474,2,2,0.9702381491661072,7,0.8109526634216309,regressed
3850,9,9,0.7472032904624939,4,0.6933053731918335,regressed
3985,9,9,0.8311190009117126,4,0.6249936819076538,regressed
4201,1,1,0.9271301627159119,7,0.5943137407302856,regressed
4575,4,4,0.986384928226471,2,0.8001838326454163,regressed
4761,9,9,0.5864899754524231,8,0.9506182074546814,regressed
4808,3,3,0.9903918504714966,5,0.6007485389709473,regressed
5268,9,9,0.5074039697647095,8,0.8430879712104797,regressed
6011,3,3,0.9937824606895447,5,0.5483352541923523,regressed
6576,7,7,0.7532129287719727,1,0.9530395269393921,regressed
6614,2,2,0.9979919195175171,7,0.5720551609992981,regressed
6625,8,8,0.5541019439697266,4,0.6252081394195557,regressed
8382,0,0,0.9994028806686401,8,0.5718724131584167,regressed
8469,1,1,0.9990363121032715,8,0.5023918747901917,regressed
8504,9,9,0.9638463258743286,5,0.6378831267356873,regressed
8509,1,1,0.9792781472206116,8,0.574254035949707,regressed
9071,1,1,0.9414840936660767,8,0.6957616806030273,regressed
9638,9,9,0.6202331185340881,7,0.642924427986145,regressed
9777,5,5,0.9977935552597046,8,0.6213456988334656,regressed
9904,2,2,0.6957420706748962,8,0.8430233001708984,regressed
449,3,5,0.7343077063560486,5,0.8968220353126526,both_wrong
582,8,2,0.9798789024353027,2,0.7510684728622437,both_wrong
583,2,7,0.5798490643501282,7,0.7950103282928467,both_wrong
659,2,1,0.5472731590270996,3,0.5223243832588196,both_wrong
726,7,5,0.6279138326644897,4,0.8244315385818481,both_wrong
813,9,8,0.689957320690155,8,0.9252445697784424,both_wrong
1039,7,3,0.6835008859634399,1,0.47080639004707336,both_wrong
1112,4,6,0.969606876373291,6,0.590878963470459,both_wrong
1232,9,4,0.946782648563385,4,0.9732537269592285,both_wrong
1247,9,5,0.8914532661437988,5,0.919160783290863,both_wrong
1459,2,3,0.7332931756973267,3,0.7793897986412048,both_wrong
1621,0,6,0.5045585632324219,6,0.7390254139900208,both_wrong
1709,9,5,0.641807496547699,5,0.7398965358734131,both_wrong
1901,9,4,0.9712116122245789,4,0.7243893146514893,both_wrong
2035,5,3,0.7693013548851013,3,0.9024270176887512,both_wrong
2129,9,8,0.9224274754524231,2,0.7015360593795776,both_wrong
2130,4,9,0.9932982325553894,9,0.7902746200561523,both_wrong
2293,9,2,0.7556762099266052,4,0.933414876461029,both_wrong
2597,5,3,0.9995354413986206,3,0.8544197678565979,both_wrong
2939,9,5,0.9937480688095093,5,0.8867518901824951,both_wrong
2995,6,8,0.8085876703262329,8,0.5123999714851379,both_wrong
3073,1,2,0.9993394017219543,2,0.9712494015693665,both_wrong
3451,7,3,0.5314483642578125,9,0.3598983883857727,both_wrong
3520,6,4,0.9909620881080627,4,0.850296676158905,both_wrong
3762,6,8,0.7118367552757263,8,0.8771358728408813,both_wrong
3808,7,8,0.9721368551254272,8,0.8773909211158752,both_wrong
4176,2,7,0.9430763125419617,7,0.9985426664352417,both_wrong
4740,3,5,0.8605231642723083,5,0.823712944984436,both_wrong
4823,9,4,0.8331891298294067,4,0.737799882888794,both_wrong
6081,9,3,0.7395337224006653,3,0.7154492139816284,both_wrong
6091,9,5,0.8976010680198669,3,0.5868960618972778,both_wrong
6173,9,0,0.6751902103424072,8,0.5267637372016907,both_wrong
6571,9,7,0.5230956673622131,7,0.6509695053100586,both_wrong
6597,0,3,0.8771156072616577,7,0.5700834393501282,both_wrong
6783,1,6,0.5406339168548584,6,0.6181280612945557,both_wrong
8094,2,8,0.9176869988441467,3,0.5510360598564148,both_wrong
9009,7,2,0.8322110772132874,2,0.8232129812240601,both_wrong
9015,7,2,0.9324180483818054,2,0.7170941829681396,both_wrong
9530,9,8,0.7324152588844299,8,0.8665863871574402,both_wrong
9642,9,7,0.8305637836456299,7,0.8701109290122986,both_wrong
9679,6,3,0.4596598148345947,1,0.6456078290939331,both_wrong
9692,9,7,0.9530854225158691,7,0.9496883749961853,both_wrong
9698,6,5,0.6643553972244263,1,0.9761576652526855,both_wrong
9729,5,6,0.958061695098877,6,0.9935615062713623,both_wrong
